Question,Answer,
What this demo about?,This is a Chatbot based Self-Heal Solution for the Oracle EBS Platform,8
How secured this conversation,Chatbot Conversation is AES-256 encrypted. Feel secured to chat and get your task done,0
Can I get more information about this solution,Pls reach out to Radheshyam Patil for such details / artifacts,5
How customer experience this ,Solution can be deployed  On-Campus as well as On-Cloud based on clients requirement. For required pre-requisites pls reach out to Nitesh Awasthi,7
Is this solution only applicable to Oracle EBS,"Current Demo is for Oracle EBS. However Self-Heal Solution is available for all EA Platforms like SAP, Salesforce etc.",2
How is the deployment model for this solution,Solution can be deployed  On-Campus as well as On-Cloud based on clients requirement. For required pre-requisites pls reach out to Nitesh Awasthi,7
Need more details about this,Pls reach out to Radheshyam Patil for such details / artifacts,5
which technology being used here,This is a Python based solution and uses relevant Open Source libraries,11
Is this connected with Oracle Application,Yes. Self-Heal is End-to-End Automation Solution. Hence internally it connects with EA platform to perform the task.,15
what all channels apart from texting is supported,"Chatbot supports both ""Text"" and ""Voice"". Feel free to use the channel as per your convenience",1
what all platforms this solution supports,"Current Demo is for Oracle EBS. However Self-Heal Solution is available for all EA Platforms like SAP, Salesforce etc.",2
Is this connected internally with application,Yes. Self-Heal is End-to-End Automation Solution. Hence internally it connects with EA platform to perform the task.,15
How secured is this conversation,Chatbot Conversation is AES-256 encrypted. Feel secured to chat and get your task done,0
Which all platforms this solution supports,"Current Demo is for Oracle EBS. However Self-Heal Solution is available for all EA Platforms like SAP, Salesforce etc.",2
May I know the price,This is a licensed tool. Price Point depends on parameters like No. of Use Cases etc. Please reach out to Kunal Parikh for further guidance,9
what all channels apart from messaging is supported,"Chatbot supports both ""Text"" and ""Voice"". Feel free to use the channel as per your convenience",1
what programming language is used,This is a Python based solution and uses relevant Open Source libraries,11
Need more details about this tool,Pls reach out to Radheshyam Patil for such details / artifacts,5
what about installation,Solution can be deployed  On-Campus as well as On-Cloud based on clients requirement. For required pre-requisites pls reach out to Nitesh Awasthi,7
Does this connect to backend application,Yes. Self-Heal is End-to-End Automation Solution. Hence internally it connects with EA platform to perform the task.,15
Which all system this solution connects to,This Solution is mainly connected to Backend EA Platform + ITSM / Ticketing Tool,14
how long will it take for deployment?,Implementation effort depends on No. of use cases etc.. For required details pls reach out to Leema Jose,4
what all EA platforms this solution supports,"Current Demo is for Oracle EBS. However Self-Heal Solution is available for all EA Platforms like SAP, Salesforce etc.",2
What all systems it integrates with,This Solution is mainly connected to Backend EA Platform + ITSM / Ticketing Tool,14
is it available for SAP?,"Current Demo is for Oracle EBS. However Self-Heal Solution is available for all EA Platforms like SAP, Salesforce etc.",2
What if customer have other ticketing tool,"Self-Heal Solution can connect to most of the industry standard ITSM (Ticketing) tools like SNow, Remedy, JIRA, HPSM etc.",6
how this improves service,This solution eliminates 100% manual efforts for covered use cases. Hence total benefits = Summation of (Current manual Efforts spent on each use case),13
is this dedicated only to oracle?,"Current Demo is for Oracle EBS. However Self-Heal Solution is available for all EA Platforms like SAP, Salesforce etc.",2
Technology stack,This is a Python based solution and uses relevant Open Source libraries,11
is this messaging secured?,Chatbot Conversation is AES-256 encrypted. Feel secured to chat and get your task done,0
what about implementation,Solution can be deployed  On-Campus as well as On-Cloud based on clients requirement. For required pre-requisites pls reach out to Nitesh Awasthi,7
What other ticketing tools being supported,"Self-Heal Solution can connect to most of the industry standard ITSM (Ticketing) tools like SNow, Remedy, JIRA, HPSM etc.",6
Need more details about this solution,Pls reach out to Radheshyam Patil for such details / artifacts,5
Does this access backend application,Yes. Self-Heal is End-to-End Automation Solution. Hence internally it connects with EA platform to perform the task.,15
What all other ITSM tools this solution can connect to,"Self-Heal Solution can connect to most of the industry standard ITSM (Ticketing) tools like SNow, Remedy, JIRA, HPSM etc.",6
What all systems this solution integrates with,This Solution is mainly connected to Backend EA Platform + ITSM / Ticketing Tool,14
how long will it take to implement,Implementation effort depends on No. of use cases etc.. For required details pls reach out to Leema Jose,4
How many tasks this solution can perform,Current Video / Demo shows only few use cases as an example. However similar (Repetitive & Mundane) tasks can be automated using this solution,3
can it be used on other platforms?,"Current Demo is for Oracle EBS. However Self-Heal Solution is available for all EA Platforms like SAP, Salesforce etc.",2
How many use cases are covered by this solution,Current Video / Demo shows only few use cases as an example. However similar (Repetitive & Mundane) tasks can be automated using this solution,3
Does this connect to Enterprise application,Yes. Self-Heal is End-to-End Automation Solution. Hence internally it connects with EA platform to perform the task.,15
Are these only cases that can be automated using Self-Heal solution,Current Video / Demo shows only few use cases as an example. However similar (Repetitive & Mundane) tasks can be automated using this solution,3
how this will be implemented,Solution can be deployed  On-Campus as well as On-Cloud based on clients requirement. For required pre-requisites pls reach out to Nitesh Awasthi,7
only text support?,"Chatbot supports both ""Text"" and ""Voice"". Feel free to use the channel as per your convenience",1
which languages does the chatbot use?,This is a Python based solution and uses relevant Open Source libraries,11
What all systems this solution internally connects with,This Solution is mainly connected to Backend EA Platform + ITSM / Ticketing Tool,14
How much effort reduction this gives,This solution eliminates 100% manual efforts for covered use cases. Hence total benefits = Summation of (Current manual Efforts spent on each use case),13
Can I get ppt for this,Pls reach out to Radheshyam Patil for such details / artifacts,5
Does this integrate with Remedy,"Self-Heal Solution can connect to most of the industry standard ITSM (Ticketing) tools like SNow, Remedy, JIRA, HPSM etc.",6
Are these only cases that can be automated using this solution,Current Video / Demo shows only few use cases as an example. However similar (Repetitive & Mundane) tasks can be automated using this solution,3
"Does this expect 'Structured Statement"" only to act",This is a Natural Language Processing (NLP) based solution and hence takes care of various possible utterances from its user,10
can this solution support SAP and saleforce platforms?,"Current Demo is for Oracle EBS. However Self-Heal Solution is available for all EA Platforms like SAP, Salesforce etc.",2
is the solution available for other platofrms?,"Current Demo is for Oracle EBS. However Self-Heal Solution is available for all EA Platforms like SAP, Salesforce etc.",2
Are the commands given to bot are hard coded,This is a Natural Language Processing (NLP) based solution and hence takes care of various possible utterances from its user,10
can this be connected to SAP application,Yes. Self-Heal is End-to-End Automation Solution. Hence internally it connects with EA platform to perform the task.,15
is it connecting to ITSM ?,This Solution is mainly connected to Backend EA Platform + ITSM / Ticketing Tool,14
Does this support Remedy,"Self-Heal Solution can connect to most of the industry standard ITSM (Ticketing) tools like SNow, Remedy, JIRA, HPSM etc.",6
what are the tools that are used in the bot?,This is a Python based solution and uses relevant Open Source libraries,11
how much time is needed for implementing,Implementation effort depends on No. of use cases etc.. For required details pls reach out to Leema Jose,4
Is this any Third party tool or in-House Cognizant tool,This is Cognizant's in-house Solution developed by EAS IA Team,12
is this communication secured?,Chatbot Conversation is AES-256 encrypted. Feel secured to chat and get your task done,0
does this support voice?,"Chatbot supports both ""Text"" and ""Voice"". Feel free to use the channel as per your convenience",1
Is this any Third party Solution or in-House Cognizant Solution,This is Cognizant's in-house Solution developed by EAS IA Team,12
what is the job of this,This is a Chatbot based Self-Heal Solution for the Oracle EBS Platform,8
how this will be implemented in-campus / or on cloud,Solution can be deployed  On-Campus as well as On-Cloud based on clients requirement. For required pre-requisites pls reach out to Nitesh Awasthi,7
what will it do ,This is a Chatbot based Self-Heal Solution for the Oracle EBS Platform,8
Can I get presentation for this,Pls reach out to Radheshyam Patil for such details / artifacts,5
will this be able to connect to saleforce ,Yes. Self-Heal is End-to-End Automation Solution. Hence internally it connects with EA platform to perform the task.,15
is it connecting to EA Platform?,This Solution is mainly connected to Backend EA Platform + ITSM / Ticketing Tool,14
how is it working ?,This Solution is mainly connected to Backend EA Platform + ITSM / Ticketing Tool,14
Is this Third party Solution,This is Cognizant's in-house Solution developed by EAS IA Team,12
Is Remedy supported,"Self-Heal Solution can connect to most of the industry standard ITSM (Ticketing) tools like SNow, Remedy, JIRA, HPSM etc.",6
Is this licensed tool,This is a licensed tool. Price Point depends on parameters like No. of Use Cases etc. Please reach out to Kunal Parikh for further guidance,9
advantage of this solution,This solution eliminates 100% manual efforts for covered use cases. Hence total benefits = Summation of (Current manual Efforts spent on each use case),13
what can you do ?,This is a Chatbot based Self-Heal Solution for the Oracle EBS Platform,8
is it available for saleforce?,"Current Demo is for Oracle EBS. However Self-Heal Solution is available for all EA Platforms like SAP, Salesforce etc.",2
what are the prerequisites for implementation,Solution can be deployed  On-Campus as well as On-Cloud based on clients requirement. For required pre-requisites pls reach out to Nitesh Awasthi,7
can this solution have access to EA platoform applications,Yes. Self-Heal is End-to-End Automation Solution. Hence internally it connects with EA platform to perform the task.,15
which platform is it connecting to?,This Solution is mainly connected to Backend EA Platform + ITSM / Ticketing Tool,14
how much time for deployment,Implementation effort depends on No. of use cases etc.. For required details pls reach out to Leema Jose,4
how many days it takes for implementing this solution,Implementation effort depends on No. of use cases etc.. For required details pls reach out to Leema Jose,4
Can I talk to bot instead of texting,"Chatbot supports both ""Text"" and ""Voice"". Feel free to use the channel as per your convenience",1
which backend is the solution having access to?,This Solution is mainly connected to Backend EA Platform + ITSM / Ticketing Tool,14
Does this integrate with JIRA,"Self-Heal Solution can connect to most of the industry standard ITSM (Ticketing) tools like SNow, Remedy, JIRA, HPSM etc.",6
What is the price ,This is a licensed tool. Price Point depends on parameters like No. of Use Cases etc. Please reach out to Kunal Parikh for further guidance,9
Does this support JIRA,"Self-Heal Solution can connect to most of the industry standard ITSM (Ticketing) tools like SNow, Remedy, JIRA, HPSM etc.",6
Can I get slider for this,Pls reach out to Radheshyam Patil for such details / artifacts,5
which team designed ?,This is Cognizant's in-house Solution developed by EAS IA Team,12
which tools are used to build this bot?,This is a Python based solution and uses relevant Open Source libraries,11
technology underneath?,This is a Python based solution and uses relevant Open Source libraries,11
who built this?,This is Cognizant's in-house Solution developed by EAS IA Team,12
How secured this communication,Chatbot Conversation is AES-256 encrypted. Feel secured to chat and get your task done,0
what are the offerings from this?,This solution eliminates 100% manual efforts for covered use cases. Hence total benefits = Summation of (Current manual Efforts spent on each use case),13
what is it about?,This is a Chatbot based Self-Heal Solution for the Oracle EBS Platform,8
Which all EA platforms this solution supports,"Current Demo is for Oracle EBS. However Self-Heal Solution is available for all EA Platforms like SAP, Salesforce etc.",2
who are you,This is a Chatbot based Self-Heal Solution for the Oracle EBS Platform,8
is it possible to access the EA applications,Yes. Self-Heal is End-to-End Automation Solution. Hence internally it connects with EA platform to perform the task.,15
which backend is it connected to ?,This Solution is mainly connected to Backend EA Platform + ITSM / Ticketing Tool,14
what are the prerequisites,Solution can be deployed  On-Campus as well as On-Cloud based on clients requirement. For required pre-requisites pls reach out to Nitesh Awasthi,7
Is JIRA supported,"Self-Heal Solution can connect to most of the industry standard ITSM (Ticketing) tools like SNow, Remedy, JIRA, HPSM etc.",6
Does this integrate with HPSM,"Self-Heal Solution can connect to most of the industry standard ITSM (Ticketing) tools like SNow, Remedy, JIRA, HPSM etc.",6
which team is working on this?,This is Cognizant's in-house Solution developed by EAS IA Team,12
Can I get price point for this tool,This is a licensed tool. Price Point depends on parameters like No. of Use Cases etc. Please reach out to Kunal Parikh for further guidance,9
Can I talk to bot ?,"Chatbot supports both ""Text"" and ""Voice"". Feel free to use the channel as per your convenience",1
Can I get price point for this solution,This is a licensed tool. Price Point depends on parameters like No. of Use Cases etc. Please reach out to Kunal Parikh for further guidance,9
How secured is this communication,Chatbot Conversation is AES-256 encrypted. Feel secured to chat and get your task done,0
where this will be deployed,Solution can be deployed  On-Campus as well as On-Cloud based on clients requirement. For required pre-requisites pls reach out to Nitesh Awasthi,7
Where can I get more data regarding this solution,Pls reach out to Radheshyam Patil for such details / artifacts,5
Does this support voice as a channel,"Chatbot supports both ""Text"" and ""Voice"". Feel free to use the channel as per your convenience",1
what does this do,This is a Chatbot based Self-Heal Solution for the Oracle EBS Platform,8
can this be connected internally to SAP or other applications,Yes. Self-Heal is End-to-End Automation Solution. Hence internally it connects with EA platform to perform the task.,15
where the solution is getting solutions from?,This Solution is mainly connected to Backend EA Platform + ITSM / Ticketing Tool,14
how it is getting the solution to my question?,This Solution is mainly connected to Backend EA Platform + ITSM / Ticketing Tool,14
Does this support HPSM,"Self-Heal Solution can connect to most of the industry standard ITSM (Ticketing) tools like SNow, Remedy, JIRA, HPSM etc.",6
how it will benefit us?,This solution eliminates 100% manual efforts for covered use cases. Hence total benefits = Summation of (Current manual Efforts spent on each use case),13
how this bot is working,This is a Natural Language Processing (NLP) based solution and hence takes care of various possible utterances from its user,10
can it understand anything?,This is a Natural Language Processing (NLP) based solution and hence takes care of various possible utterances from its user,10
languages used ?,This is a Python based solution and uses relevant Open Source libraries,11
is the chatbot being assisted by others?,This is Cognizant's in-house Solution developed by EAS IA Team,12
What is the cost?,This is a licensed tool. Price Point depends on parameters like No. of Use Cases etc. Please reach out to Kunal Parikh for further guidance,9
is this conversation secured?,Chatbot Conversation is AES-256 encrypted. Feel secured to chat and get your task done,0
How do you install this,Solution can be deployed  On-Campus as well as On-Cloud based on clients requirement. For required pre-requisites pls reach out to Nitesh Awasthi,7
What the chatbot does,This is a Chatbot based Self-Heal Solution for the Oracle EBS Platform,8
will the solution have access to backend of SAP or salesforce,Yes. Self-Heal is End-to-End Automation Solution. Hence internally it connects with EA platform to perform the task.,15
Is voice support there,"Chatbot supports both ""Text"" and ""Voice"". Feel free to use the channel as per your convenience",1
Where can I get more details regarding this solution,Pls reach out to Radheshyam Patil for such details / artifacts,5
Where can I get artifacts regarding this solution,Pls reach out to Radheshyam Patil for such details / artifacts,5
can this be connected to Oracle?,Yes. Self-Heal is End-to-End Automation Solution. Hence internally it connects with EA platform to perform the task.,15
Is HPSM supported,"Self-Heal Solution can connect to most of the industry standard ITSM (Ticketing) tools like SNow, Remedy, JIRA, HPSM etc.",6
Does this integrate with HP Service Manager,"Self-Heal Solution can connect to most of the industry standard ITSM (Ticketing) tools like SNow, Remedy, JIRA, HPSM etc.",6
does it have NLP?,This is a Natural Language Processing (NLP) based solution and hence takes care of various possible utterances from its user,10
who developed this chatbot,This is Cognizant's in-house Solution developed by EAS IA Team,12
How much is the cost?,This is a licensed tool. Price Point depends on parameters like No. of Use Cases etc. Please reach out to Kunal Parikh for further guidance,9
How secured is this solution,Chatbot Conversation is AES-256 encrypted. Feel secured to chat and get your task done,0
Is voice support provided,"Chatbot supports both ""Text"" and ""Voice"". Feel free to use the channel as per your convenience",1
how we can install this,Solution can be deployed  On-Campus as well as On-Cloud based on clients requirement. For required pre-requisites pls reach out to Nitesh Awasthi,7
Can I get more info about this tool,Pls reach out to Radheshyam Patil for such details / artifacts,5
what is this,This is a Chatbot based Self-Heal Solution for the Oracle EBS Platform,8
which other Enterprise application this solution supports,"Current Demo is for Oracle EBS. However Self-Heal Solution is available for all EA Platforms like SAP, Salesforce etc.",2
Does this support HP Service Manager,"Self-Heal Solution can connect to most of the industry standard ITSM (Ticketing) tools like SNow, Remedy, JIRA, HPSM etc.",6
Is HP Service Manager supported,"Self-Heal Solution can connect to most of the industry standard ITSM (Ticketing) tools like SNow, Remedy, JIRA, HPSM etc.",6
which other use cases does the solution cover,Current Video / Demo shows only few use cases as an example. However similar (Repetitive & Mundane) tasks can be automated using this solution,3
which use cases can be used for this ?,Current Video / Demo shows only few use cases as an example. However similar (Repetitive & Mundane) tasks can be automated using this solution,3
how this will be deployed,Solution can be deployed  On-Campus as well as On-Cloud based on clients requirement. For required pre-requisites pls reach out to Nitesh Awasthi,7
how will this help us ?,This solution eliminates 100% manual efforts for covered use cases. Hence total benefits = Summation of (Current manual Efforts spent on each use case),13
is the chatbot self learning?,This is a Natural Language Processing (NLP) based solution and hence takes care of various possible utterances from its user,10
who is the owner of this chatbot,This is Cognizant's in-house Solution developed by EAS IA Team,12
What does this costs?,This is a licensed tool. Price Point depends on parameters like No. of Use Cases etc. Please reach out to Kunal Parikh for further guidance,9
how many hours it takes for this solution integration,Implementation effort depends on No. of use cases etc.. For required details pls reach out to Leema Jose,4
how long it takes for integration,Implementation effort depends on No. of use cases etc.. For required details pls reach out to Leema Jose,4
How much it costs,This is a licensed tool. Price Point depends on parameters like No. of Use Cases etc. Please reach out to Kunal Parikh for further guidance,9
What all security measures taken care in this solution,Chatbot Conversation is AES-256 encrypted. Feel secured to chat and get your task done,0
what if I cant type,"Chatbot supports both ""Text"" and ""Voice"". Feel free to use the channel as per your convenience",1
Can I get more info about this solution,Pls reach out to Radheshyam Patil for such details / artifacts,5
Technology,This is a Python based solution and uses relevant Open Source libraries,11
how can we configure this for customer,Solution can be deployed  On-Campus as well as On-Cloud based on clients requirement. For required pre-requisites pls reach out to Nitesh Awasthi,7
What this about?,This is a Chatbot based Self-Heal Solution for the Oracle EBS Platform,8
does it have ML ?,This is a Natural Language Processing (NLP) based solution and hence takes care of various possible utterances from its user,10
Is this cognizant owned Solution,This is Cognizant's in-house Solution developed by EAS IA Team,12
is this the free solution being in-house built,This is a licensed tool. Price Point depends on parameters like No. of Use Cases etc. Please reach out to Kunal Parikh for further guidance,9
How the security aspect addressed,Chatbot Conversation is AES-256 encrypted. Feel secured to chat and get your task done,0
what if I cant text,"Chatbot supports both ""Text"" and ""Voice"". Feel free to use the channel as per your convenience",1
how can we configure this for customer environment,Solution can be deployed  On-Campus as well as On-Cloud based on clients requirement. For required pre-requisites pls reach out to Nitesh Awasthi,7
Where can I get artifacts for this tool,Pls reach out to Radheshyam Patil for such details / artifacts,5
What is the underlying technology,This is a Python based solution and uses relevant Open Source libraries,11
Business benefit,This solution eliminates 100% manual efforts for covered use cases. Hence total benefits = Summation of (Current manual Efforts spent on each use case),13
What this video about?,This is a Chatbot based Self-Heal Solution for the Oracle EBS Platform,8
How can we get the business case ,This solution eliminates 100% manual efforts for covered use cases. Hence total benefits = Summation of (Current manual Efforts spent on each use case),13
how can we configure this for client,Solution can be deployed  On-Campus as well as On-Cloud based on clients requirement. For required pre-requisites pls reach out to Nitesh Awasthi,7
how can we configure this for client environment,Solution can be deployed  On-Campus as well as On-Cloud based on clients requirement. For required pre-requisites pls reach out to Nitesh Awasthi,7
any information on other tasks which the solution covers?,Current Video / Demo shows only few use cases as an example. However similar (Repetitive & Mundane) tasks can be automated using this solution,3
which all other tasks can be automated?,Current Video / Demo shows only few use cases as an example. However similar (Repetitive & Mundane) tasks can be automated using this solution,3
is this intelligent?,This is a Natural Language Processing (NLP) based solution and hence takes care of various possible utterances from its user,10
how can this be helpful?,This solution eliminates 100% manual efforts for covered use cases. Hence total benefits = Summation of (Current manual Efforts spent on each use case),13
how I get advantage of it?,This solution eliminates 100% manual efforts for covered use cases. Hence total benefits = Summation of (Current manual Efforts spent on each use case),13
how this chatbot understands me?,This is a Natural Language Processing (NLP) based solution and hence takes care of various possible utterances from its user,10
how this will benefit,This solution eliminates 100% manual efforts for covered use cases. Hence total benefits = Summation of (Current manual Efforts spent on each use case),13
Is this In-House developed Solution,This is Cognizant's in-house Solution developed by EAS IA Team,12
is this available free of cost ,This is a licensed tool. Price Point depends on parameters like No. of Use Cases etc. Please reach out to Kunal Parikh for further guidance,9
Security aspect?,Chatbot Conversation is AES-256 encrypted. Feel secured to chat and get your task done,0
is this secured?,Chatbot Conversation is AES-256 encrypted. Feel secured to chat and get your task done,0
what if I can not text,"Chatbot supports both ""Text"" and ""Voice"". Feel free to use the channel as per your convenience",1
what if I can not type,"Chatbot supports both ""Text"" and ""Voice"". Feel free to use the channel as per your convenience",1
How client can get this solution,Solution can be deployed  On-Campus as well as On-Cloud based on clients requirement. For required pre-requisites pls reach out to Nitesh Awasthi,7
How customer can get this solution,Solution can be deployed  On-Campus as well as On-Cloud based on clients requirement. For required pre-requisites pls reach out to Nitesh Awasthi,7
what is the automation benefit,This solution eliminates 100% manual efforts for covered use cases. Hence total benefits = Summation of (Current manual Efforts spent on each use case),13
How much time it takes for implementation,Implementation effort depends on No. of use cases etc.. For required details pls reach out to Leema Jose,4
Are these only cases that can be automated using chatbot solution,Current Video / Demo shows only few use cases as an example. However similar (Repetitive & Mundane) tasks can be automated using this solution,3
is the number tasks performed limited?,Current Video / Demo shows only few use cases as an example. However similar (Repetitive & Mundane) tasks can be automated using this solution,3
Are the commands hard coded,This is a Natural Language Processing (NLP) based solution and hence takes care of various possible utterances from its user,10
Can we say same request in other words,This is a Natural Language Processing (NLP) based solution and hence takes care of various possible utterances from its user,10
Implementation efforts,Implementation effort depends on No. of use cases etc.. For required details pls reach out to Leema Jose,4
Is this In-House Cognizant Solution,This is Cognizant's in-house Solution developed by EAS IA Team,12
What is the cost of this solution,This is a licensed tool. Price Point depends on parameters like No. of Use Cases etc. Please reach out to Kunal Parikh for further guidance,9
How client experience this ,Solution can be deployed  On-Campus as well as On-Cloud based on clients requirement. For required pre-requisites pls reach out to Nitesh Awasthi,7
Can I get price point,This is a licensed tool. Price Point depends on parameters like No. of Use Cases etc. Please reach out to Kunal Parikh for further guidance,9
